time,fx,fy
0,0.0,1.0
1,-0.0031853017931379904,0.5403023058681398
2,-0.006370571267652135,-0.4161468365471424
3,-0.009555776105247389,-0.9899924966004454
4,-0.012740883988280967,-0.6536436208636119
5,-0.015925862600098248,0.2836621854632263
6,-0.019110679625357993,0.9601702866503661
7,-0.022295302750347783,0.7539022543433046
8,-0.025479699663333223,-0.14550003380861354
9,-0.02866383805487153,-0.9111302618846769
10,-0.03184768561814293,-0.8390715290764524
